,var1,var2,var3,var4,var5,var6,var7,var8,var9,var10
0,1.7507737248295312,1.3742027243229793,3.375539382463792,0.20484383204315504,2.241213801787389,4.045546849082312,3.4885004808171924,0.6698779816362577,3.800036673362677,2.5640715949822033
1,4.263037119633644,0.6151053860072159,0.5964282799436066,2.326263938828697,4.96393776335663,2.0560935645180622,3.589329730729779,1.406572371958628,4.538899339964181,1.1834371979909108
2,4.315383860593584,0.9274994558915328,4.642096224220623,3.026489265270106,2.0347750275274246,4.81498286321327,3.404871099008041,1.0336257769873103,4.492811862058461,2.02715723301262
3,0.06644545323657491,0.5405638013180919,3.2708626593058563,4.983197530288103,1.8661995619011935,2.6474757616893014,1.9012522145230553,1.353826048637436,0.1190130881700513,4.76358020702372
4,2.7946081998671293,4.910064229203818,4.273998196481544,0.20710458754484684,2.9739935285998405,3.345135514237596,0.6480210483764198,2.6627957035736833,1.3757262575510765,2.8237319614530683
